date,action,ticker,type,exchange,quantity,price,currency,fees,notes
2026-02-01T09:15:00Z,DEPOSIT,USDT,CRYPTO,BINANCE,5000,1,USDT,0,Initial deposit
2026-02-01T09:30:00Z,BUY,BTC,CRYPTO,BINANCE,0.05000000,42000,USDT,5.25,Buy BTC spot
2026-02-01T10:05:00Z,BUY,ETH,CRYPTO,BYBIT,1.20000000,2300,USDT,2.10,Buy ETH
2026-02-01T11:10:00Z,BUY,SOL,CRYPTO,BINANCE,25.00000000,98.50,USDT,1.50,Add SOL
2026-02-02T08:20:00Z,AIRDROP,ARB,CRYPTO,METAMASK,35.00000000,0.95,USDT,0,Airdrop ARB
2026-02-02T12:45:00Z,SELL,SOL,CRYPTO,BINANCE,10.00000000,105.20,USDT,0.80,Partial take profit
2026-02-03T14:00:00Z,WITHDRAWAL,USDT,CRYPTO,BINANCE,250,1,USDT,1.00,Withdraw to another wallet
2026-02-04T09:10:00Z,SELL,BTC,CRYPTO,BINANCE,0.02000000,43500,USDT,2.20,Partial close BTC
